<?xml version="1.0"?>
<XML_DIZ_INFO>
  <MASTER_PAD_VERSION_INFO>
    <MASTER_PAD_VERSION>1.10</MASTER_PAD_VERSION>
    <MASTER_PAD_INFO>
      Portable Application Description, or PAD for short, is a data 
      set that is used by shareware authors to dissemminate information 
      to anyone interested in their software products.  To find out more 
      go to http://www.asp-shareware.org/pad
    </MASTER_PAD_INFO>
  </MASTER_PAD_VERSION_INFO>
  <Company_Info>
    <Company_Name>Daniel Matuschek</Company_Name>
    <Address_1>Obstgartenstr. 23</Address_1>
    <Address_2></Address_2>
    <City_Town>Regensdorf</City_Town>
    <State_Province>CH</State_Province>
    <Zip_Postal_Code>8105</Zip_Postal_Code>
    <Country>Switzerland</Country>
    <Company_WebSite_URL>http://www.matuschek.net</Company_WebSite_URL>
    <Contact_Info>
      <Author_First_Name>Daniel</Author_First_Name>
      <Author_Last_Name>Matuschek</Author_Last_Name>
      <Author_Email>daniel@matuschek.net</Author_Email>
      <Contact_First_Name>Daniel</Contact_First_Name>
      <Contact_Last_Name>Matuschek</Contact_Last_Name>
      <Contact_Email>daniel@matuschek.net</Contact_Email>
    </Contact_Info>
    <Support_Info>
      <Sales_Email/>
      <Support_Email>jobo@matuschek.net</Support_Email>
      <General_Email/>
      <Sales_Phone/>
      <Support_Phone/>
      <General_Phone/>
      <Fax_Phone/>
     </Support_Info>
  </Company_Info>
  <Program_Info>
    <Program_Name>JoBo</Program_Name>
    <Program_Version>1.3</Program_Version>
    <Program_Release_Month>03</Program_Release_Month>
    <Program_Release_Day>06</Program_Release_Day>
    <Program_Release_Year>2002</Program_Release_Year>
    <Program_Cost_Dollars>0</Program_Cost_Dollars>
    <Program_Cost_Other>0</Program_Cost_Other>
    <Program_Type>Freeware</Program_Type>
    <Program_Release_Status>Update</Program_Release_Status>
    <Program_Install_Support>Install and Uninstall
    </Program_Install_Support>
    <Program_OS_Support>
      Windows, MacOS, Linux, Solaris,any other Java 1.3 compatible
      platform
    </Program_OS_Support>
    <Program_Language>English</Program_Language>
    <Program_System_Requirements>
      Java 1.3 compatible runtime environment
    </Program_System_Requirements>

    <Program_Categories>
      Internet, Mirror tool, Download robot, Web spider
    </Program_Categories>
    <File_Info>
      <Filename_Versioned>1.3</Filename_Versioned>
      <Filename_Previous>1.2</Filename_Previous>
      <Filename_Generic>jobo-install.exe</Filename_Generic>
      <Filename_Long>jobo-install.exe</Filename_Long>
      <File_Size_Bytes>10000000</File_Size_Bytes>
      <File_Size_K>10000</File_Size_K>
      <File_Size_MB>10</File_Size_MB>
     </File_Info>
     <Expire_Info>
       <Has_Expire_Info>N</Has_Expire_Info>
       <Expire_Count/>
       <Expire_Based_On>Days</Expire_Based_On>
       <Expire_Other_Info/>
       <Expire_Month></Expire_Month>
       <Expire_Day></Expire_Day>
       <Expire_Year></Expire_Year>
     </Expire_Info>
     <Includes_VB_Runtime>N</Includes_VB_Runtime>
     <Includes_JAVA_VM>Y</Includes_JAVA_VM>
     <Includes_DirectX>N</Includes_DirectX>
   </Program_Info>
   <Program_Descriptions>
    <English>
      <Keywords>JoBo java web mirror robot web site download</Keywords>
      <Char_Desc_45>Tool to download complete web sites</Char_Desc_45>
      <Char_Desc_80>Tool to download complete web sites</Char_Desc_80>
      <Char_Desc_250>
        JoBo is a small tool, do download the content of a complete 
        web site (or parts of it). A unique feature is the form handler, 
        that allows to generate automatic answers to web forms (e.g. 
        for logins). Also there are download rule to deny some 
        download (e.g. all image/* files)</Char_Desc_250>
      <Char_Desc_450>
        JoBo is a simple program to download complete remote websites to 
        your local computer. It can automatically fill out forms (e.g.
        for automated login) and also use cookies for session handling.
        Compared to other products the GUI seems to be very simple, but 
        the internal features matters ! Do you know any download tool that
        allows it to login to a web server and download content if that
        server uses a web forms for login and cookies for session 
        handling ? It also features very flexible rules to limit 
        downloads by URL, size and/or MIME type. It also allows to 
	download only files newer then a given age.
      </Char_Desc_450>
      <Char_Desc_2000>
        JoBo is a simple program to download complete remote websites to 
        your local computer. It can automatically fill out forms (e.g.
        for automated login) and also use cookies for session handling.
        Compared to other products the GUI seems to be very simple, but 
        the internal features matters ! Do you know any download tool that
        allows it to login to a web server and download content if that
        server uses a web forms for login and cookies for session 
        handling ? It also features very flexible rules to limit 
        downloads by URL, size and/or MIME type. It also allows to 
	download only files newer then a given age.
        If web sites uses absolute links, JoBo can convert it to relative
	to allow offline browsing on the local hard disk.
      </Char_Desc_2000>
    </English>
  </Program_Descriptions>
  <Web_Info>
    <Application_URLs>
      <Application_Info_URL>
        http://www.matuschek.net/software/jobo/index.html
      </Application_Info_URL>
      <Application_Order_URL>
        http://www.matuschek.net/software/jobo/index.html
      </Application_Order_URL>
      <Application_Screenshot_URL>
       http://www.matuschek.net/software/jobo/graphics/screenshot.gif
     </Application_Screenshot_URL>
     <Application_Icon_URL></Application_Icon_URL>
     <Application_XML_File_URL>
       http://www.matuschek.net/software/jobo/asp-pad.xml
      </Application_XML_File_URL>
    </Application_URLs>
    <Download_URLs>
      <Primary_Download_URL>
        http://www.matuschek.net/software/jobo/download.html
      </Primary_Download_URL>
      <Secondary_Download_URL></Secondary_Download_URL>
      <Additional_Download_URL_1></Additional_Download_URL_1>
      <Additional_Download_URL_2></Additional_Download_URL_2>
    </Download_URLs>
  </Web_Info>

  <Permissions>
    <Distribution_Permissions>GPL</Distribution_Permissions>
    <EULA></EULA>
  </Permissions>

  <ASP>
   <ASP_Member>N</ASP_Member>
   <ASP_Member_Number></ASP_Member_Number>
  </ASP>
</XML_DIZ_INFO>
